,model_name,cost,memory,toxic,severe_toxic,obscene,threat,insult,identity_hate
0,LR_toxic,14.515688419342041,82567758,0.9661030904136497,0,0,0,0,0
0,LR_severe_toxic,14.916610717773438,82567758,0,0.9834270476671537,0,0,0,0
0,LR_obscene,18.41243028640747,82567758,0,0,0.9774585412735199,0,0,0
0,LR_threat,14.000568389892578,82567758,0,0,0,0.9919625559194809,0,0
0,LR_insult,14.433417320251465,82567758,0,0,0,0,0.9725002897113351,0
0,LR_identity_hate,14.387290477752686,82567758,0,0,0,0,0,0.9784302576387836
